要么瘦，要么死---小S的减肥励志格言|data/000000005要么瘦，要么死---小S的减肥励志格言|0|0|1352365565|1352365565|-1
做瘦子的N个好处|data/000000000做瘦子的N个好处|0|0|1352367386|1352367386|-1
减肥的基本方法|data/000000002减肥的基本方法|0|0|1352368343|1352368343|-1
正确测量体重的方法|data/000000004正确测量体重的方法|0|0|1352377066|1352377066|-1
导致肥胖的常见原因|data/000000001导致肥胖的常见原因|0|0|1352380554|1352380554|-1
减肥的八大常识|data/000000003减肥的八大常识|0|0|1352381096|1352381096|-1
常见食物热量表-油炸油煎糕饼类|data/000000010常见食物热量表-油炸油煎糕饼类|0|0|1352384733|1352384733|-1
常见食物热量表-腌渍蛋豆鱼浆类|data/000000011常见食物热量表-腌渍蛋豆鱼浆类|0|0|1352384828|1352384828|-1
常见食物热量表-蒸煮汤饮类|data/000000009常见食物热量表-蒸煮汤饮类|0|0|1352385077|1352385077|-1
常见食物热量表-青菜水果果汁类|data/000000007常见食物热量表-青菜水果果汁类|0|0|1352385139|1352385139|-1
常见食物热量表-包子馒头面米类|data/000000006常见食物热量表-包子馒头面米类|0|0|1352615844|1352615844|-1
常见食物热量表-海鲜鱼寿司类|data/000000012常见食物热量表-海鲜鱼寿司类|0|0|1352615953|1352615953|-1
常见食物热量表-肉类|data/000000008常见食物热量表-肉类|0|0|1352616122|1352616122|-1
